/*
    Author: nguyenminh1301
    Date:   10/11/2025
*/

INSERT INTO public.brand (id, name, description, website_url, founded_year, image_public_id, image_url, is_active, created_at, updated_at) VALUES
('a1b2c3d4-e5f6-4a5b-8c9d-0e1f2a3b4c5d', 'Chanel', 'French luxury fashion house renowned for timeless elegance and iconic fragrances', 'https://www.chanel.com', 1910, NULL, NULL, true, now(), now()),
('b2c3d4e5-f6a7-4b5c-9d0e-1f2a3b4c5d6e', 'Dior', 'Prestigious French luxury brand offering sophisticated haute couture and perfumery', 'https://www.dior.com', 1946, NULL, NULL, true, now(), now()),
('c3d4e5f6-a7b8-4c5d-0e1f-2a3b4c5d6e7f', 'Tom Ford', 'American luxury brand known for bold, sensual fragrances and modern elegance', 'https://www.tomford.com', 2005, NULL, NULL, true, now(), now()),
('d4e5f6a7-b8c9-4d5e-1f2a-3b4c5d6e7f8a', 'Creed', 'Historic luxury fragrance house crafting artisanal perfumes since 1760', 'https://www.creedboutique.com', 1760, NULL, NULL, true, now(), now()),
('e5f6a7b8-c9d0-4e5f-2a3b-4c5d6e7f8a9b', 'Yves Saint Laurent', 'Iconic French fashion house celebrated for revolutionary style and captivating scents', 'https://www.ysl.com', 1961, NULL, NULL, true, now(), now()),
('f6a7b8c9-d0e1-4f5a-3b4c-5d6e7f8a9b0c', 'Hermès', 'French luxury manufacturer renowned for exquisite leather goods and refined fragrances', 'https://www.hermes.com', 1837, NULL, NULL, true, now(), now()),
('a7b8c9d0-e1f2-4a5b-4c5d-6e7f8a9b0c1d', 'Guerlain', 'Legendary French perfume house with heritage dating back to 1828', 'https://www.guerlain.com', 1828, NULL, NULL, true, now(), now()),
('b8c9d0e1-f2a3-4b5c-5d6e-7f8a9b0c1d2e', 'Givenchy', 'French luxury fashion and perfume house embodying Parisian elegance', 'https://www.givenchy.com', 1952, NULL, NULL, true, now(), now()),
('c9d0e1f2-a3b4-4c5d-6e7f-8a9b0c1d2e3f', 'Versace', 'Italian luxury brand famous for bold designs and glamorous fragrances', 'https://www.versace.com', 1978, NULL, NULL, true, now(), now()),
('d0e1f2a3-b4c5-4d5e-7f8a-9b0c1d2e3f4a', 'Prada', 'Italian fashion powerhouse offering innovative luxury goods and sophisticated scents', 'https://www.prada.com', 1913, NULL, NULL, true, now(), now()),
('e1f2a3b4-c5d6-4e5f-8a9b-0c1d2e3f4a5b', 'Burberry', 'British heritage brand distinguished by timeless style and classic fragrances', 'https://www.burberry.com', 1856, NULL, NULL, true, now(), now()),
('f2a3b4c5-d6e7-4f5a-9b0c-1d2e3f4a5b6c', 'Jo Malone London', 'British fragrance brand celebrated for elegant simplicity and cologne artistry', 'https://www.jomalone.com', 1994, NULL, NULL, true, now(), now()),
('a3b4c5d6-e7f8-4a5b-0c1d-2e3f4a5b6c7d', 'Maison Francis Kurkdjian', 'Parisian haute parfumerie creating contemporary luxury fragrances', 'https://www.franciskurkdjian.com', 2009, NULL, NULL, true, now(), now()),
('b4c5d6e7-f8a9-4b5c-1d2e-3f4a5b6c7d8e', 'Byredo', 'Swedish niche perfume brand known for minimalist aesthetics and evocative scents', 'https://www.byredo.com', 2006, NULL, NULL, true, now(), now()),
('c5d6e7f8-a9b0-4c5d-2e3f-4a5b6c7d8e9f', 'Le Labo', 'Artisanal perfume house crafting handmade fragrances with raw materials focus', 'https://www.lelabofragrances.com', 2006, NULL, NULL, true, now(), now());

INSERT INTO public.category (id, name, description, descriptions, image_public_id, image_url, is_active, created_at, updated_at) VALUES
('11111111-1111-1111-1111-111111111111', 'Eau de Parfum', 'Concentrated fragrance with 15-20% perfume oil offering long-lasting scent', NULL, NULL, NULL, true, now(), now()),
('22222222-2222-2222-2222-222222222222', 'Eau de Toilette', 'Light fragrance concentration with 5-15% perfume oil for daily wear', NULL, NULL, NULL, true, now(), now()),
('33333333-3333-3333-3333-333333333333', 'Parfum', 'Highest concentration of fragrance oils delivering maximum longevity', NULL, NULL, NULL, true, now(), now()),
('44444444-4444-4444-4444-444444444444', 'Cologne', 'Fresh light fragrance with 2-5% perfume oil ideal for casual occasions', NULL, NULL, NULL, true, now(), now()),
('55555555-5555-5555-5555-555555555555', 'Body Mist', 'Subtle scented spray with minimal oil concentration for refreshing touch', NULL, NULL, NULL, true, now(), now());

INSERT INTO public.made_id (id, name, iso_code, region, description, image_public_id, image_url, is_active, created_at, updated_at) VALUES
('aaaaaaaa-aaaa-aaaa-aaaa-aaaaaaaaaaaa', 'France', 'FR', 'Europe', 'Renowned global center of perfumery excellence and luxury fragrance heritage', NULL, NULL, true, now(), now()),
('bbbbbbbb-bbbb-bbbb-bbbb-bbbbbbbbbbbb', 'Italy', 'IT', 'Europe', 'Distinguished for sophisticated craftsmanship and elegant fragrance tradition', NULL, NULL, true, now(), now()),
('cccccccc-cccc-cccc-cccc-cccccccccccc', 'United Kingdom', 'GB', 'Europe', 'Historic perfume market known for classic cologne and traditional scents', NULL, NULL, true, now(), now()),
('dddddddd-dddd-dddd-dddd-dddddddddddd', 'United States', 'US', 'North America', 'Modern fragrance innovation hub with diverse contemporary perfume culture', NULL, NULL, true, now(), now()),
('eeeeeeee-eeee-eeee-eeee-eeeeeeeeeeee', 'Switzerland', 'CH', 'Europe', 'Premium quality perfume production with precision craftsmanship standards', NULL, NULL, true, now(), now()),
('ffffffff-ffff-ffff-ffff-ffffffffffff', 'Sweden', 'SE', 'Europe', 'Contemporary niche fragrance innovation with minimalist Scandinavian design', NULL, NULL, true, now(), now());

INSERT INTO public.product (id, brand_id, category_id, made_in_id, name, short_description, description, launch_year, image_public_id, image_url, fragrance_family, gender, sillage, longevity, seasonality, occasion, is_limited_edition, is_discontinued, is_active, created_at, updated_at) VALUES
('adb7c03d-f641-4d14-870b-744d592e9986', 'a1b2c3d4-e5f6-4a5b-8c9d-0e1f2a3b4c5d', '11111111-1111-1111-1111-111111111111', 'aaaaaaaa-aaaa-aaaa-aaaa-aaaaaaaaaaaa', 'Chanel No. 5', 'Timeless floral aldehyde masterpiece embodying ultimate femininity', 'Iconic fragrance featuring aldehydes, ylang-ylang, neroli, jasmine, and sandalwood creating legendary sophisticated composition', 1921, NULL, NULL, 'FLORAL_ALDEHYDE', 'FEMALE', 'STRONG', 'LONG_LASTING', 'ALL_SEASONS', 'EVENING_FORMAL', false, false, true, now(), now()),
('4e2fa1a4-d103-44ec-a4a0-aa1e50c6ee80', 'b2c3d4e5-f6a7-4b5c-9d0e-1f2a3b4c5d6e', '11111111-1111-1111-1111-111111111111', 'aaaaaaaa-aaaa-aaaa-aaaa-aaaaaaaaaaaa', 'Sauvage', 'Fresh spicy fragrance with raw intensity and magnetic appeal', 'Contemporary masculine scent blending Calabrian bergamot, Sichuan pepper, and ambroxan for powerful signature', 2015, NULL, NULL, 'AROMATIC_FOUGERE', 'MALE', 'STRONG', 'VERY_LONG_LASTING', 'ALL_SEASONS', 'CASUAL_EVENING', false, false, true, now(), now()),
('50823095-13a6-4a2c-a3ba-24bc38f9fe55', 'c3d4e5f6-a7b8-4c5d-0e1f-2a3b4c5d6e7f', '11111111-1111-1111-1111-111111111111', 'dddddddd-dddd-dddd-dddd-dddddddddddd', 'Black Orchid', 'Luxurious dark fragrance with sensual mysterious character', 'Opulent blend of black truffle, ylang-ylang, black orchid, and patchouli creating intoxicating evening statement', 2006, NULL, NULL, 'ORIENTAL_FLORAL', 'UNISEX', 'HEAVY', 'VERY_LONG_LASTING', 'FALL_WINTER', 'EVENING_SPECIAL', false, false, true, now(), now()),
('f66a2656-31c0-4f40-8786-84bbd8a3cb9a', 'd4e5f6a7-b8c9-4d5e-1f2a-3b4c5d6e7f8a', '33333333-3333-3333-3333-333333333333', 'aaaaaaaa-aaaa-aaaa-aaaa-aaaaaaaaaaaa', 'Aventus', 'Legendary fruity chypre celebrating strength and success', 'Masterful composition featuring pineapple, birch, musk, and oakmoss delivering iconic powerful presence', 2010, NULL, NULL, 'FRUITY_CHYPRE', 'MALE', 'STRONG', 'VERY_LONG_LASTING', 'ALL_SEASONS', 'BUSINESS_EVENING', false, false, true, now(), now()),
('06cdb451-8042-421a-8e3a-deda5f2e53b6', 'e5f6a7b8-c9d0-4e5f-2a3b-4c5d6e7f8a9b', '11111111-1111-1111-1111-111111111111', 'aaaaaaaa-aaaa-aaaa-aaaa-aaaaaaaaaaaa', 'Black Opium', 'Addictive modern gourmand with coffee and vanilla sweetness', 'Energetic feminine scent combining coffee, white flowers, and vanilla for vibrant youthful allure', 2014, NULL, NULL, 'ORIENTAL_VANILLA', 'FEMALE', 'STRONG', 'LONG_LASTING', 'FALL_WINTER', 'EVENING_PARTY', false, false, true, now(), now()),
('252ea258-a806-4f93-9cfc-956dab7e30c3', 'f6a7b8c9-d0e1-4f5a-3b4c-5d6e7f8a9b0c', '11111111-1111-1111-1111-111111111111', 'aaaaaaaa-aaaa-aaaa-aaaa-aaaaaaaaaaaa', 'Terre d Hermès', 'Woody mineral fragrance expressing connection to earth', 'Sophisticated masculine composition featuring orange, flint, cedar, and vetiver for refined character', 2006, NULL, NULL, 'WOODY_SPICY', 'MALE', 'MODERATE', 'LONG_LASTING', 'ALL_SEASONS', 'BUSINESS_CASUAL', false, false, true, now(), now()),
('1e97a56d-ffc4-4f91-8e78-ca9b2f23cd0a', 'a7b8c9d0-e1f2-4a5b-4c5d-6e7f8a9b0c1d', '11111111-1111-1111-1111-111111111111', 'aaaaaaaa-aaaa-aaaa-aaaa-aaaaaaaaaaaa', 'Shalimar', 'Legendary oriental fragrance with rich vanilla and balsamic warmth', 'Historic masterpiece blending bergamot, iris, vanilla, and tonka bean for timeless sophistication', 1925, NULL, NULL, 'ORIENTAL_VANILLA', 'FEMALE', 'HEAVY', 'VERY_LONG_LASTING', 'FALL_WINTER', 'EVENING_FORMAL', false, false, true, now(), now()),
('d17ee65d-0f03-4196-b5cc-20b42a89bcb8', 'b8c9d0e1-f2a3-4b5c-5d6e-7f8a9b0c1d2e', '11111111-1111-1111-1111-111111111111', 'aaaaaaaa-aaaa-aaaa-aaaa-aaaaaaaaaaaa', 'Gentleman Reserve Privée', 'Elegant woody aromatic with whiskey barrel sophistication', 'Refined masculine blend featuring whiskey accord, iris, and tonka bean for distinguished presence', 2019, NULL, NULL, 'WOODY_AROMATIC', 'MALE', 'MODERATE', 'LONG_LASTING', 'FALL_WINTER', 'EVENING_BUSINESS', false, false, true, now(), now()),
('4f0bc586-99ee-4df3-aac0-d5eddc05752b', 'c9d0e1f2-a3b4-4c5d-6e7f-8a9b0c1d2e3f', '11111111-1111-1111-1111-111111111111', 'bbbbbbbb-bbbb-bbbb-bbbb-bbbbbbbbbbbb', 'Eros', 'Fresh oriental masculine fragrance with Mediterranean passion', 'Vibrant composition combining mint, green apple, tonka bean, and vanilla for seductive confidence', 2012, NULL, NULL, 'ORIENTAL_FOUGERE', 'MALE', 'STRONG', 'LONG_LASTING', 'ALL_SEASONS', 'CASUAL_EVENING', false, false, true, now(), now()),
('9293d75f-4f83-419e-826b-7b3c35315c84', 'd0e1f2a3-b4c5-4d5e-7f8a-9b0c1d2e3f4a', '11111111-1111-1111-1111-111111111111', 'bbbbbbbb-bbbb-bbbb-bbbb-bbbbbbbbbbbb', 'La Femme', 'Elegant floral oriental celebrating modern femininity', 'Sophisticated blend of frangipani, vanilla, patchouli, and beeswax creating sensual warmth', 2016, NULL, NULL, 'FLORAL_ORIENTAL', 'FEMALE', 'MODERATE', 'LONG_LASTING', 'FALL_WINTER', 'EVENING_CASUAL', false, false, true, now(), now()),
('8826204c-e6be-421a-ba08-683cd560072f', 'e1f2a3b4-c5d6-4e5f-8a9b-0c1d2e3f4a5b', '22222222-2222-2222-2222-222222222222', 'cccccccc-cccc-cccc-cccc-cccccccccccc', 'Brit', 'Fresh green floral with youthful British charm', 'Playful feminine scent featuring lime, pear, peony, and vanilla for lighthearted elegance', 2003, NULL, NULL, 'FRESH_FLORAL', 'FEMALE', 'MODERATE', 'MODERATE', 'SPRING_SUMMER', 'CASUAL_DAYTIME', false, false, true, now(), now()),
('a762d21c-2381-454a-b7f9-8432e7ad4cf4', 'f2a3b4c5-d6e7-4f5a-9b0c-1d2e3f4a5b6c', '44444444-4444-4444-4444-444444444444', 'cccccccc-cccc-cccc-cccc-cccccccccccc', 'Lime Basil & Mandarin', 'Vibrant citrus aromatic cologne with herbal freshness', 'Zesty composition blending lime, basil, thyme, and vetiver for invigorating clarity', 1999, NULL, NULL, 'CITRUS_AROMATIC', 'UNISEX', 'LIGHT', 'MODERATE', 'SPRING_SUMMER', 'CASUAL_DAYTIME', false, false, true, now(), now()),
('68cfdd6d-64da-4508-9921-09997ee9b5c5', 'a3b4c5d6-e7f8-4a5b-0c1d-2e3f4a5b6c7d', '11111111-1111-1111-1111-111111111111', 'aaaaaaaa-aaaa-aaaa-aaaa-aaaaaaaaaaaa', 'Baccarat Rouge 540', 'Luminous woody floral with amber brilliance', 'Radiant luxury scent combining jasmine, saffron, cedarwood, and ambergris for ethereal presence', 2015, NULL, NULL, 'FLORAL_AMBER', 'UNISEX', 'STRONG', 'VERY_LONG_LASTING', 'ALL_SEASONS', 'EVENING_SPECIAL', false, false, true, now(), now()),
('8e4f2df1-7f13-4f75-bcb0-fcf13ae4ccb7', 'b4c5d6e7-f8a9-4b5c-1d2e-3f4a5b6c7d8e', '11111111-1111-1111-1111-111111111111', 'ffffffff-ffff-ffff-ffff-ffffffffffff', 'Gypsy Water', 'Woody aromatic evoking nomadic forest romance', 'Bohemian blend of pine needles, lemon, incense, vanilla, and sandalwood for adventurous spirit', 2008, NULL, NULL, 'WOODY_AROMATIC', 'UNISEX', 'MODERATE', 'MODERATE', 'ALL_SEASONS', 'CASUAL_DAYTIME', false, false, true, now(), now()),
('9b1ca3e5-fac0-4739-885d-a3deb91eb046', 'c5d6e7f8-a9b0-4c5d-2e3f-4a5b6c7d8e9f', '11111111-1111-1111-1111-111111111111', 'dddddddd-dddd-dddd-dddd-dddddddddddd', 'Santal 33', 'Iconic woody spicy fragrance with creamy sandalwood soul', 'Cult favorite combining sandalwood, cardamom, iris, violet, and leather for distinctive character', 2011, NULL, NULL, 'WOODY_SPICY', 'UNISEX', 'STRONG', 'LONG_LASTING', 'ALL_SEASONS', 'CASUAL_EVENING', false, false, true, now(), now()),
('336416a5-a0b8-4f76-a247-1bd50ebb856b', 'a1b2c3d4-e5f6-4a5b-8c9d-0e1f2a3b4c5d', '11111111-1111-1111-1111-111111111111', 'aaaaaaaa-aaaa-aaaa-aaaa-aaaaaaaaaaaa', 'Coco Mademoiselle', 'Fresh oriental expressing youthful independence and elegance', 'Modern feminine composition featuring orange, rose, patchouli, and vanilla for confident charm', 2001, NULL, NULL, 'FRESH_ORIENTAL', 'FEMALE', 'STRONG', 'LONG_LASTING', 'ALL_SEASONS', 'CASUAL_EVENING', false, false, true, now(), now()),
('75590919-3c9d-449f-b8bd-23f88d24b234', 'b2c3d4e5-f6a7-4b5c-9d0e-1f2a3b4c5d6e', '11111111-1111-1111-1111-111111111111', 'aaaaaaaa-aaaa-aaaa-aaaa-aaaaaaaaaaaa', 'Miss Dior', 'Elegant floral chypre celebrating couture femininity', 'Romantic bouquet blending blood orange, rose, peony, and patchouli for graceful sophistication', 2012, NULL, NULL, 'FLORAL_CHYPRE', 'FEMALE', 'MODERATE', 'LONG_LASTING', 'SPRING_SUMMER', 'CASUAL_EVENING', false, false, true, now(), now()),
('f85d577f-f248-47e2-b923-c120ab72bbe1', 'c3d4e5f6-a7b8-4c5d-0e1f-2a3b4c5d6e7f', '11111111-1111-1111-1111-111111111111', 'dddddddd-dddd-dddd-dddd-dddddddddddd', 'Oud Wood', 'Refined woody oriental with rare oud sophistication', 'Luxurious composition featuring oud wood, rosewood, cardamom, and sandalwood for exotic elegance', 2007, NULL, NULL, 'WOODY_ORIENTAL', 'UNISEX', 'MODERATE', 'LONG_LASTING', 'FALL_WINTER', 'EVENING_BUSINESS', false, false, true, now(), now()),
('49c03bd5-ec42-4263-a9d9-68e516eac2de', 'd4e5f6a7-b8c9-4d5e-1f2a-3b4c5d6e7f8a', '11111111-1111-1111-1111-111111111111', 'aaaaaaaa-aaaa-aaaa-aaaa-aaaaaaaaaaaa', 'Silver Mountain Water', 'Fresh aquatic capturing alpine clarity and coolness', 'Crisp masculine blend of bergamot, tea, blackcurrant, and musk for refreshing vitality', 1995, NULL, NULL, 'AROMATIC_FRESH', 'UNISEX', 'MODERATE', 'LONG_LASTING', 'SPRING_SUMMER', 'CASUAL_DAYTIME', false, false, true, now(), now()),
('871298ae-ca35-4d18-99e4-b3699929ee5f', 'e5f6a7b8-c9d0-4e5f-2a3b-4c5d6e7f8a9b', '22222222-2222-2222-2222-222222222222', 'aaaaaaaa-aaaa-aaaa-aaaa-aaaaaaaaaaaa', 'Mon Paris', 'Sweet floral fruity with romantic Parisian passion', 'Youthful composition combining strawberry, raspberry, pear, peony, and patchouli for playful femininity', 2016, NULL, NULL, 'FLORAL_FRUITY', 'FEMALE', 'STRONG', 'MODERATE', 'SPRING_SUMMER', 'CASUAL_EVENING', false, false, true, now(), now()),
('db5ba284-8c0e-4054-bd9b-2d8144569b00', 'f6a7b8c9-d0e1-4f5a-3b4c-5d6e7f8a9b0c', '11111111-1111-1111-1111-111111111111', 'aaaaaaaa-aaaa-aaaa-aaaa-aaaaaaaaaaaa', 'Un Jardin sur le Nil', 'Fresh green vegetal evoking Nile garden serenity', 'Aquatic green blend of grapefruit, lotus, calamus, and sycamore creating peaceful escape', 2005, NULL, NULL, 'FRESH_GREEN', 'UNISEX', 'LIGHT', 'MODERATE', 'SPRING_SUMMER', 'CASUAL_DAYTIME', false, false, true, now(), now()),
('a518c11a-ecb5-4097-a30f-9c208a1d7aaa', 'a7b8c9d0-e1f2-4a5b-4c5d-6e7f8a9b0c1d', '11111111-1111-1111-1111-111111111111', 'aaaaaaaa-aaaa-aaaa-aaaa-aaaaaaaaaaaa', 'Mon Guerlain', 'Sophisticated oriental fresh celebrating modern femininity', 'Elegant composition featuring lavender, jasmine, vanilla, and sandalwood for confident grace', 2017, NULL, NULL, 'ORIENTAL_FRESH', 'FEMALE', 'MODERATE', 'LONG_LASTING', 'ALL_SEASONS', 'CASUAL_BUSINESS', false, false, true, now(), now()),
('1d123d93-88e2-461d-9444-7457ca932880', 'b8c9d0e1-f2a3-4b5c-5d6e-7f8a9b0c1d2e', '22222222-2222-2222-2222-222222222222', 'aaaaaaaa-aaaa-aaaa-aaaa-aaaaaaaaaaaa', 'L Interdit', 'Bold white floral expressing forbidden elegance', 'Daring feminine blend of orange blossom, jasmine, tuberose, and patchouli for confident allure', 2018, NULL, NULL, 'WHITE_FLORAL', 'FEMALE', 'STRONG', 'LONG_LASTING', 'ALL_SEASONS', 'EVENING_CASUAL', false, false, true, now(), now()),
('281caec6-0385-424a-8c76-2e929e606a4c', 'c9d0e1f2-a3b4-4c5d-6e7f-8a9b0c1d2e3f', '11111111-1111-1111-1111-111111111111', 'bbbbbbbb-bbbb-bbbb-bbbb-bbbbbbbbbbbb', 'Dylan Blue', 'Fresh aromatic fougere with Mediterranean character', 'Dynamic masculine scent combining bergamot, grapefruit, patchouli, and incense for powerful presence', 2016, NULL, NULL, 'AROMATIC_FOUGERE', 'MALE', 'STRONG', 'LONG_LASTING', 'ALL_SEASONS', 'CASUAL_BUSINESS', false, false, true, now(), now()),
('d23b7119-13ee-4b43-92aa-ed98a04b16e4', 'd0e1f2a3-b4c5-4d5e-7f8a-9b0c1d2e3f4a', '11111111-1111-1111-1111-111111111111', 'bbbbbbbb-bbbb-bbbb-bbbb-bbbbbbbbbbbb', 'Luna Rossa Carbon', 'Modern aromatic fougere with metallic sophistication', 'Contemporary composition featuring lavender, bergamot, coal, and patchouli for urban confidence', 2017, NULL, NULL, 'AROMATIC_FOUGERE', 'MALE', 'MODERATE', 'LONG_LASTING', 'ALL_SEASONS', 'BUSINESS_CASUAL', false, false, true, now(), now()),
('82ea440f-39cb-4eb7-9637-ef3da2e9af5c', 'e1f2a3b4-c5d6-4e5f-8a9b-0c1d2e3f4a5b', '11111111-1111-1111-1111-111111111111', 'cccccccc-cccc-cccc-cccc-cccccccccccc', 'My Burberry', 'Floral rain-kissed celebrating contemporary British style', 'Elegant feminine blend of sweet pea, quince, rose, and patchouli for refined charm', 2014, NULL, NULL, 'FLORAL_FRESH', 'FEMALE', 'MODERATE', 'MODERATE', 'SPRING_SUMMER', 'CASUAL_BUSINESS', false, false, true, now(), now()),
('dacc8158-81d7-4314-89c4-30a86277b3c9', 'f2a3b4c5-d6e7-4f5a-9b0c-1d2e3f4a5b6c', '44444444-4444-4444-4444-444444444444', 'cccccccc-cccc-cccc-cccc-cccccccccccc', 'Wood Sage & Sea Salt', 'Coastal aromatic capturing windswept minerality', 'Fresh unisex blend of sea salt, sage, grapefruit, and ambrette for breezy sophistication', 2014, NULL, NULL, 'AROMATIC_AQUATIC', 'UNISEX', 'LIGHT', 'MODERATE', 'SPRING_SUMMER', 'CASUAL_DAYTIME', false, false, true, now(), now()),
('2eb44417-a4e7-4d4b-b780-29f65bf568b9', 'a3b4c5d6-e7f8-4a5b-0c1d-2e3f4a5b6c7d', '11111111-1111-1111-1111-111111111111', 'aaaaaaaa-aaaa-aaaa-aaaa-aaaaaaaaaaaa', 'Aqua Universalis', 'Pure luminous fresh with aquatic transparency', 'Crystalline composition of bergamot, lemon, lily of the valley, and musk for radiant simplicity', 2009, NULL, NULL, 'FRESH_AQUATIC', 'UNISEX', 'MODERATE', 'MODERATE', 'SPRING_SUMMER', 'CASUAL_DAYTIME', false, false, true, now(), now()),
('4f11fe35-fc1f-4876-a44c-e5c6dfdd0a68', 'b4c5d6e7-f8a9-4b5c-1d2e-3f4a5b6c7d8e', '11111111-1111-1111-1111-111111111111', 'ffffffff-ffff-ffff-ffff-ffffffffffff', 'Bal d Afrique', 'Warm floral woody celebrating African romance', 'Vibrant blend of African marigold, neroli, cyclamen, vetiver, and cedarwood for exotic warmth', 2009, NULL, NULL, 'FLORAL_WOODY', 'UNISEX', 'MODERATE', 'LONG_LASTING', 'ALL_SEASONS', 'CASUAL_EVENING', false, false, true, now(), now()),
('8686d0ee-f867-42dc-9c17-8826c1d7045b', 'c5d6e7f8-a9b0-4c5d-2e3f-4a5b6c7d8e9f', '11111111-1111-1111-1111-111111111111', 'dddddddd-dddd-dddd-dddd-dddddddddddd', 'Another 13', 'Avant-garde musk with synthetic transparency', 'Minimalist composition featuring ambroxan, musk, jasmine, and moss for abstract modernity', 2010, NULL, NULL, 'WOODY_MUSK', 'UNISEX', 'MODERATE', 'LONG_LASTING', 'ALL_SEASONS', 'CASUAL_EVENING', false, false, true, now(), now()),
('3d579987-d5eb-465d-8f25-07b0125804ac', 'a1b2c3d4-e5f6-4a5b-8c9d-0e1f2a3b4c5d', '11111111-1111-1111-1111-111111111111', 'aaaaaaaa-aaaa-aaaa-aaaa-aaaaaaaaaaaa', 'Bleu de Chanel', 'Sophisticated woody aromatic with timeless masculinity', 'Refined blend of citrus, mint, pink pepper, cedar, and sandalwood for elegant confidence', 2010, NULL, NULL, 'WOODY_AROMATIC', 'MALE', 'STRONG', 'LONG_LASTING', 'ALL_SEASONS', 'BUSINESS_EVENING', false, false, true, now(), now()),
('aa86405d-294d-4fd7-a413-e48954cd77f7', 'b2c3d4e5-f6a7-4b5c-9d0e-1f2a3b4c5d6e', '11111111-1111-1111-1111-111111111111', 'aaaaaaaa-aaaa-aaaa-aaaa-aaaaaaaaaaaa', 'Homme Intense', 'Powerful woody aromatic with iris sophistication', 'Intense masculine composition featuring lavender, iris, amber, and cedar for distinguished presence', 2011, NULL, NULL, 'WOODY_FLORAL_MUSK', 'MALE', 'STRONG', 'VERY_LONG_LASTING', 'FALL_WINTER', 'EVENING_BUSINESS', false, false, true, now(), now()),
('f11be192-04f1-4d97-92c7-155eecce54bd', 'c3d4e5f6-a7b8-4c5d-0e1f-2a3b4c5d6e7f', '11111111-1111-1111-1111-111111111111', 'dddddddd-dddd-dddd-dddd-dddddddddddd', 'Tobacco Vanille', 'Rich oriental spicy with tobacco leaf warmth', 'Opulent blend of tobacco leaf, vanilla, cocoa, tonka bean, and dried fruits for luxurious depth', 2007, NULL, NULL, 'ORIENTAL_SPICY', 'UNISEX', 'HEAVY', 'VERY_LONG_LASTING', 'FALL_WINTER', 'EVENING_SPECIAL', false, false, true, now(), now()),
('26e608c1-1046-45be-a45f-3e47d78bff78', 'd4e5f6a7-b8c9-4d5e-1f2a-3b4c5d6e7f8a', '11111111-1111-1111-1111-111111111111', 'aaaaaaaa-aaaa-aaaa-aaaa-aaaaaaaaaaaa', 'Green Irish Tweed', 'Classic fresh green with aristocratic heritage', 'Timeless masculine scent combining lemon verbena, violet leaves, sandalwood, and ambergris for refined elegance', 1985, NULL, NULL, 'FRESH_GREEN', 'MALE', 'MODERATE', 'LONG_LASTING', 'SPRING_SUMMER', 'BUSINESS_CASUAL', false, false, true, now(), now()),
('1902847d-2b3b-419e-935d-214eb4c22d81', 'e5f6a7b8-c9d0-4e5f-2a3b-4c5d6e7f8a9b', '11111111-1111-1111-1111-111111111111', 'aaaaaaaa-aaaa-aaaa-aaaa-aaaaaaaaaaaa', 'Libre', 'Bold floral fougere celebrating feminine freedom', 'Daring composition blending lavender, orange blossom, vanilla, and musk for empowered femininity', 2019, NULL, NULL, 'FLORAL_FOUGERE', 'FEMALE', 'STRONG', 'LONG_LASTING', 'ALL_SEASONS', 'CASUAL_EVENING', false, false, true, now(), now()),
('0f0f8171-dc3b-441c-811a-f033dfbafa26', 'f6a7b8c9-d0e1-4f5a-3b4c-5d6e7f8a9b0c', '22222222-2222-2222-2222-222222222222', 'aaaaaaaa-aaaa-aaaa-aaaa-aaaaaaaaaaaa', 'Eau d Orange Verte', 'Fresh citrus cologne with timeless simplicity', 'Classic unisex blend of orange, lemon, mint, patchouli, and oakmoss for vibrant clarity', 1979, NULL, NULL, 'CITRUS_AROMATIC', 'UNISEX', 'LIGHT', 'MODERATE', 'SPRING_SUMMER', 'CASUAL_DAYTIME', false, false, true, now(), now()),
('550f053b-b8ae-4ac8-a79c-2acbb7e52c5e', 'a7b8c9d0-e1f2-4a5b-4c5d-6e7f8a9b0c1d', '11111111-1111-1111-1111-111111111111', 'aaaaaaaa-aaaa-aaaa-aaaa-aaaaaaaaaaaa', 'L Homme Ideal', 'Warm oriental woody with almond sophistication', 'Modern masculine blend of almond, tonka bean, leather, and sandalwood for contemporary elegance', 2014, NULL, NULL, 'WOODY_ORIENTAL', 'MALE', 'MODERATE', 'LONG_LASTING', 'FALL_WINTER', 'BUSINESS_EVENING', false, false, true, now(), now()),
('e0322709-ad71-4017-b16a-38754ab6ca05', 'b8c9d0e1-f2a3-4b5c-5d6e-7f8a9b0c1d2e', '11111111-1111-1111-1111-111111111111', 'aaaaaaaa-aaaa-aaaa-aaaa-aaaaaaaaaaaa', 'Irresistible', 'Radiant floral fruity with joyful femininity', 'Luminous composition featuring pear, rose, ambrette, and Virginia cedar for sparkling charm', 2020, NULL, NULL, 'FLORAL_FRUITY', 'FEMALE', 'MODERATE', 'MODERATE', 'SPRING_SUMMER', 'CASUAL_DAYTIME', false, false, true, now(), now()),
('4e653a54-b8ad-4201-bdf9-ed3371a01acd', 'c9d0e1f2-a3b4-4c5d-6e7f-8a9b0c1d2e3f', '11111111-1111-1111-1111-111111111111', 'bbbbbbbb-bbbb-bbbb-bbbb-bbbbbbbbbbbb', 'Crystal Noir', 'Mysterious oriental floral with dark sensuality', 'Exotic feminine blend of ginger, gardenia, amber, and musk for seductive mystery', 2004, NULL, NULL, 'ORIENTAL_FLORAL', 'FEMALE', 'STRONG', 'LONG_LASTING', 'FALL_WINTER', 'EVENING_SPECIAL', false, false, true, now(), now()),
('0c1d2e3f-4a5b-46c7-8d9e-0f1a2b3c4d5e', 'a1b2c3d4-e5f6-4a5b-8c9d-0e1f2a3b4c5d', '11111111-1111-1111-1111-111111111111', 'aaaaaaaa-aaaa-aaaa-aaaa-aaaaaaaaaaaa', 'Temp Tester', 'Budget-friendly tester for payment QA', 'Purpose-built affordable fragrance to verify checkout and PayOS settlement flows', 2025, NULL, NULL, 'CITRUS_AROMATIC', 'UNISEX', 'LIGHT', 'MODERATE', 'SPRING_SUMMER', 'CASUAL_DAYTIME', false, false, true, now(), now());

INSERT INTO public.product_variant (id, product_id, variant_sku, volume_ml, package_type, price, compare_at_price, currency_code, stock_quantity, low_stock_threshold, image_public_id, image_url, is_active, created_at, updated_at) VALUES
('0cea65ff-0e1f-4ae9-b877-8976389e6511', 'adb7c03d-f641-4d14-870b-744d592e9986', 'CHANEL-NO5-50ML-EDP', 50.00, 'Spray Bottle', 3850000, 4200000, 'VND', 45, 10, NULL, NULL, true, now(), now()),
('548534ef-ff3a-405f-a730-c076a3729e66', 'adb7c03d-f641-4d14-870b-744d592e9986', 'CHANEL-NO5-100ML-EDP', 100.00, 'Spray Bottle', 5950000, 6500000, 'VND', 32, 8, NULL, NULL, true, now(), now()),
('7688e6e7-6ae2-47ca-ac20-8eed5accb135', '4e2fa1a4-d103-44ec-a4a0-aa1e50c6ee80', 'DIOR-SAUVAGE-60ML-EDP', 60.00, 'Spray Bottle', 3200000, 3500000, 'VND', 78, 15, NULL, NULL, true, now(), now()),
('16043e5c-d67c-4385-ba22-fe56ec312e0c', '4e2fa1a4-d103-44ec-a4a0-aa1e50c6ee80', 'DIOR-SAUVAGE-100ML-EDP', 100.00, 'Spray Bottle', 4750000, 5200000, 'VND', 56, 12, NULL, NULL, true, now(), now()),
('2fc9854e-dc4b-444e-a4b5-0817a515c56f', '4e2fa1a4-d103-44ec-a4a0-aa1e50c6ee80', 'DIOR-SAUVAGE-200ML-EDP', 200.00, 'Spray Bottle', 7800000, 8500000, 'VND', 23, 5, NULL, NULL, true, now(), now()),
('6118c5f0-4104-4950-bfbc-4e110e13a5e9', '50823095-13a6-4a2c-a3ba-24bc38f9fe55', 'TOMF-BLACKORCH-50ML-EDP', 50.00, 'Spray Bottle', 5400000, 5900000, 'VND', 34, 8, NULL, NULL, true, now(), now()),
('aebae88f-19ef-4cff-b179-e64d92d009f5', '50823095-13a6-4a2c-a3ba-24bc38f9fe55', 'TOMF-BLACKORCH-100ML-EDP', 100.00, 'Spray Bottle', 8900000, 9700000, 'VND', 19, 5, NULL, NULL, true, now(), now()),
('02726f4c-cba2-4b55-8df5-b567317db0a2', 'f66a2656-31c0-4f40-8786-84bbd8a3cb9a', 'CREED-AVENTUS-50ML-PARF', 50.00, 'Spray Bottle', 9200000, 10000000, 'VND', 28, 5, NULL, NULL, true, now(), now()),
('cd5f748c-ee9c-44cc-82b3-74ce58722905', 'f66a2656-31c0-4f40-8786-84bbd8a3cb9a', 'CREED-AVENTUS-100ML-PARF', 100.00, 'Spray Bottle', 14500000, 16000000, 'VND', 15, 3, NULL, NULL, true, now(), now()),
('32da4dbf-0e1b-4c7b-81ea-3c20e835c77a', '06cdb451-8042-421a-8e3a-deda5f2e53b6', 'YSL-BLACKOP-50ML-EDP', 50.00, 'Spray Bottle', 3100000, 3400000, 'VND', 67, 15, NULL, NULL, true, now(), now()),
('66b789a4-dd82-4261-9043-2e5ccb0574ac', '06cdb451-8042-421a-8e3a-deda5f2e53b6', 'YSL-BLACKOP-90ML-EDP', 90.00, 'Spray Bottle', 4800000, 5300000, 'VND', 43, 10, NULL, NULL, true, now(), now()),
('126fa1c5-74d5-452e-a04e-cb2f075505c5', '06cdb451-8042-421a-8e3a-deda5f2e53b6', 'YSL-BLACKOP-150ML-EDP', 150.00, 'Spray Bottle', 6900000, 7600000, 'VND', 21, 5, NULL, NULL, true, now(), now()),
('ea856c94-69e3-4b67-8a51-dd4eb86ee90d', '252ea258-a806-4f93-9cfc-956dab7e30c3', 'HERMES-TERRE-50ML-EDP', 50.00, 'Spray Bottle', 3400000, 3700000, 'VND', 52, 12, NULL, NULL, true, now(), now()),
('0eab83b4-7082-4b50-ac3f-1b66648f213b', '252ea258-a806-4f93-9cfc-956dab7e30c3', 'HERMES-TERRE-100ML-EDP', 100.00, 'Spray Bottle', 5200000, 5700000, 'VND', 38, 8, NULL, NULL, true, now(), now()),
('5b0f9208-9343-4213-8b7b-e6f94f0fbad5', '1e97a56d-ffc4-4f91-8e78-ca9b2f23cd0a', 'GUER-SHAL-50ML-EDP', 50.00, 'Spray Bottle', 3600000, 4000000, 'VND', 41, 10, NULL, NULL, true, now(), now()),
('e3fdbd82-d134-40c7-af26-927f4c24680c', '1e97a56d-ffc4-4f91-8e78-ca9b2f23cd0a', 'GUER-SHAL-90ML-EDP', 90.00, 'Spray Bottle', 5800000, 6400000, 'VND', 27, 6, NULL, NULL, true, now(), now()),
('6ff03e45-4292-4c2d-bd8d-414ef010711a', 'd17ee65d-0f03-4196-b5cc-20b42a89bcb8', 'GVCH-GENT-60ML-EDP', 60.00, 'Spray Bottle', 3250000, 3600000, 'VND', 49, 10, NULL, NULL, true, now(), now()),
('045feca6-3010-4aaa-9c7b-0395d36c72cb', 'd17ee65d-0f03-4196-b5cc-20b42a89bcb8', 'GVCH-GENT-100ML-EDP', 100.00, 'Spray Bottle', 4900000, 5400000, 'VND', 31, 8, NULL, NULL, true, now(), now()),
('fad37715-0779-4598-9167-0a49b956447b', '4f0bc586-99ee-4df3-aac0-d5eddc05752b', 'VERS-EROS-50ML-EDP', 50.00, 'Spray Bottle', 2800000, 3100000, 'VND', 63, 15, NULL, NULL, true, now(), now()),
('60df50ed-a7a8-4bea-b5d4-7d862df326b0', '4f0bc586-99ee-4df3-aac0-d5eddc05752b', 'VERS-EROS-100ML-EDP', 100.00, 'Spray Bottle', 4200000, 4600000, 'VND', 44, 10, NULL, NULL, true, now(), now()),
('1dfcc354-4f13-4e47-bce4-d904bfd78ada', '4f0bc586-99ee-4df3-aac0-d5eddc05752b', 'VERS-EROS-200ML-EDP', 200.00, 'Spray Bottle', 6500000, 7200000, 'VND', 18, 5, NULL, NULL, true, now(), now()),
('3d99833e-297a-4b9c-9fd8-ab9b0d3fa9e9', '9293d75f-4f83-419e-826b-7b3c35315c84', 'PRADA-FEMME-50ML-EDP', 50.00, 'Spray Bottle', 3500000, 3900000, 'VND', 37, 8, NULL, NULL, true, now(), now()),
('194b395c-f06d-4b8d-9b12-2762471a82c0', '9293d75f-4f83-419e-826b-7b3c35315c84', 'PRADA-FEMME-100ML-EDP', 100.00, 'Spray Bottle', 5400000, 5900000, 'VND', 22, 5, NULL, NULL, true, now(), now()),
('5ce81035-b5a0-418e-ad1f-459353e870ea', '8826204c-e6be-421a-ba08-683cd560072f', 'BURB-BRIT-50ML-EDT', 50.00, 'Spray Bottle', 2400000, 2700000, 'VND', 54, 12, NULL, NULL, true, now(), now()),
('de0ff175-f5a9-40ec-8436-d790ff8542bd', '8826204c-e6be-421a-ba08-683cd560072f', 'BURB-BRIT-100ML-EDT', 100.00, 'Spray Bottle', 3600000, 4000000, 'VND', 39, 8, NULL, NULL, true, now(), now()),
('2cb40c2a-c107-48b9-9359-3cab990a6681', 'a762d21c-2381-454a-b7f9-8432e7ad4cf4', 'JOMALONE-LIME-30ML-COL', 30.00, 'Cologne Bottle', 2100000, 2400000, 'VND', 71, 15, NULL, NULL, true, now(), now()),
('7b731f00-46e6-4896-8a98-e735fe2f1158', 'a762d21c-2381-454a-b7f9-8432e7ad4cf4', 'JOMALONE-LIME-100ML-COL', 100.00, 'Cologne Bottle', 4500000, 5000000, 'VND', 48, 10, NULL, NULL, true, now(), now()),
('8bcfea40-7587-4fbe-9003-7f706a61bad4', '68cfdd6d-64da-4508-9921-09997ee9b5c5', 'MFK-BACC540-70ML-EDP', 70.00, 'Spray Bottle', 8900000, 9800000, 'VND', 26, 5, NULL, NULL, true, now(), now()),
('daf22573-9e09-4f57-8c54-1bde52b42ec5', '68cfdd6d-64da-4508-9921-09997ee9b5c5', 'MFK-BACC540-200ML-EDP', 200.00, 'Spray Bottle', 19500000, 21500000, 'VND', 8, 2, NULL, NULL, true, now(), now()),
('3bd719d2-2424-435d-978d-bb657408e852', '8e4f2df1-7f13-4f75-bcb0-fcf13ae4ccb7', 'BYREDO-GYPSY-50ML-EDP', 50.00, 'Spray Bottle', 6200000, 6800000, 'VND', 33, 8, NULL, NULL, true, now(), now()),
('3b699a7f-d27e-4170-8d92-e92f73d969f2', '8e4f2df1-7f13-4f75-bcb0-fcf13ae4ccb7', 'BYREDO-GYPSY-100ML-EDP', 100.00, 'Spray Bottle', 9800000, 10800000, 'VND', 19, 5, NULL, NULL, true, now(), now()),
('1edd88e0-b2d9-43df-8014-ca123f17a13b', '9b1ca3e5-fac0-4739-885d-a3deb91eb046', 'LELABO-SANT33-50ML-EDP', 50.00, 'Spray Bottle', 6500000, 7200000, 'VND', 41, 10, NULL, NULL, true, now(), now()),
('86e6e48e-a14e-4caa-a92d-964ab5aea097', '9b1ca3e5-fac0-4739-885d-a3deb91eb046', 'LELABO-SANT33-100ML-EDP', 100.00, 'Spray Bottle', 10200000, 11200000, 'VND', 24, 5, NULL, NULL, true, now(), now()),
('42571766-94e7-4530-8767-c925bad87e25', '336416a5-a0b8-4f76-a247-1bd50ebb856b', 'CHANEL-COCO-50ML-EDP', 50.00, 'Spray Bottle', 3700000, 4100000, 'VND', 59, 12, NULL, NULL, true, now(), now()),
('bdd7dcc1-42d8-4261-889e-f0ea461f79fe', '336416a5-a0b8-4f76-a247-1bd50ebb856b', 'CHANEL-COCO-100ML-EDP', 100.00, 'Spray Bottle', 5800000, 6400000, 'VND', 38, 8, NULL, NULL, true, now(), now()),
('9f7eec05-744d-44dd-a319-8aef3090a15a', '336416a5-a0b8-4f76-a247-1bd50ebb856b', 'CHANEL-COCO-200ML-EDP', 200.00, 'Spray Bottle', 9500000, 10500000, 'VND', 14, 3, NULL, NULL, true, now(), now()),
('92af219a-ce37-4eb2-af79-8ffde236dc70', '75590919-3c9d-449f-b8bd-23f88d24b234', 'DIOR-MISS-50ML-EDP', 50.00, 'Spray Bottle', 3300000, 3600000, 'VND', 64, 15, NULL, NULL, true, now(), now()),
('8015069f-087f-47ae-b96e-48822b5a1341', '75590919-3c9d-449f-b8bd-23f88d24b234', 'DIOR-MISS-100ML-EDP', 100.00, 'Spray Bottle', 5100000, 5600000, 'VND', 47, 10, NULL, NULL, true, now(), now()),
('a0a79ece-7ffd-4e3b-9834-09a363f130a8', 'f85d577f-f248-47e2-b923-c120ab72bbe1', 'TOMF-OUD-50ML-EDP', 50.00, 'Spray Bottle', 5700000, 6300000, 'VND', 29, 6, NULL, NULL, true, now(), now()),
('590b305a-17c9-4b62-89a1-08ca00349590', 'f85d577f-f248-47e2-b923-c120ab72bbe1', 'TOMF-OUD-100ML-EDP', 100.00, 'Spray Bottle', 9400000, 10300000, 'VND', 16, 4, NULL, NULL, true, now(), now()),
('9b6f5b03-7c88-4609-804c-0a00fb1c45d7', '49c03bd5-ec42-4263-a9d9-68e516eac2de', 'CREED-SILVER-50ML-EDP', 50.00, 'Spray Bottle', 8800000, 9600000, 'VND', 31, 6, NULL, NULL, true, now(), now()),
('3a826bd6-b386-48b8-9bb5-ca4dce3ac498', '49c03bd5-ec42-4263-a9d9-68e516eac2de', 'CREED-SILVER-100ML-EDP', 100.00, 'Spray Bottle', 13900000, 15300000, 'VND', 17, 4, NULL, NULL, true, now(), now()),
('2f48b6d8-87b7-46e3-ab11-4ba74c51cb40', '871298ae-ca35-4d18-99e4-b3699929ee5f', 'YSL-MONPAR-30ML-EDT', 30.00, 'Spray Bottle', 2200000, 2500000, 'VND', 76, 18, NULL, NULL, true, now(), now()),
('49c54b58-9caf-4c42-b9b7-617541558ae7', '871298ae-ca35-4d18-99e4-b3699929ee5f', 'YSL-MONPAR-50ML-EDT', 50.00, 'Spray Bottle', 3000000, 3300000, 'VND', 58, 12, NULL, NULL, true, now(), now()),
('56820936-63f0-4320-83ba-53da2e314f6c', '871298ae-ca35-4d18-99e4-b3699929ee5f', 'YSL-MONPAR-90ML-EDT', 90.00, 'Spray Bottle', 4400000, 4900000, 'VND', 35, 8, NULL, NULL, true, now(), now()),
('8568e43c-171a-479d-b359-73b6499ba703', 'db5ba284-8c0e-4054-bd9b-2d8144569b00', 'HERMES-JARDIN-50ML-EDT', 50.00, 'Spray Bottle', 2900000, 3200000, 'VND', 46, 10, NULL, NULL, true, now(), now()),
('efaec179-08d2-47fb-b552-af4b6bc326bf', 'db5ba284-8c0e-4054-bd9b-2d8144569b00', 'HERMES-JARDIN-100ML-EDT', 100.00, 'Spray Bottle', 4600000, 5100000, 'VND', 28, 6, NULL, NULL, true, now(), now()),
('6e163a71-5166-475e-b533-bdcf8362d853', 'a518c11a-ecb5-4097-a30f-9c208a1d7aaa', 'GUER-MONGUER-50ML-EDP', 50.00, 'Spray Bottle', 3400000, 3800000, 'VND', 53, 12, NULL, NULL, true, now(), now()),
('d2e5be93-7933-4cd7-bd4b-d9cb8ef120ef', 'a518c11a-ecb5-4097-a30f-9c208a1d7aaa', 'GUER-MONGUER-100ML-EDP', 100.00, 'Spray Bottle', 5300000, 5800000, 'VND', 34, 8, NULL, NULL, true, now(), now()),
('1a9675fc-8797-4ae8-b86f-11b11a0fe75a', '1d123d93-88e2-461d-9444-7457ca932880', 'GVCH-INTER-50ML-EDT', 50.00, 'Spray Bottle', 2800000, 3100000, 'VND', 68, 15, NULL, NULL, true, now(), now()),
('27b4c044-9cda-4163-b444-45e5d00bf89e', '1d123d93-88e2-461d-9444-7457ca932880', 'GVCH-INTER-80ML-EDT', 80.00, 'Spray Bottle', 4100000, 4500000, 'VND', 42, 10, NULL, NULL, true, now(), now()),
('e854785e-383b-42ee-9ab3-379094e0b2ab', '281caec6-0385-424a-8c76-2e929e606a4c', 'VERS-DYLAN-50ML-EDT', 50.00, 'Spray Bottle', 2600000, 2900000, 'VND', 72, 16, NULL, NULL, true, now(), now()),
('7abf2c48-fa99-4815-a71d-da3c9601cd9e', '281caec6-0385-424a-8c76-2e929e606a4c', 'VERS-DYLAN-100ML-EDT', 100.00, 'Spray Bottle', 3900000, 4300000, 'VND', 51, 12, NULL, NULL, true, now(), now()),
('e7b4584f-911f-4f21-9a66-aaf77e2b1771', '281caec6-0385-424a-8c76-2e929e606a4c', 'VERS-DYLAN-200ML-EDT', 200.00, 'Spray Bottle', 6100000, 6700000, 'VND', 24, 6, NULL, NULL, true, now(), now()),
('f53e4ea4-8b1b-4e50-95a0-2c84adbe3c5b', 'd23b7119-13ee-4b43-92aa-ed98a04b16e4', 'PRADA-LUNA-50ML-EDP', 50.00, 'Spray Bottle', 3200000, 3500000, 'VND', 45, 10, NULL, NULL, true, now(), now()),
('1d101615-c558-4e35-9232-1dbea63c2b4b', 'd23b7119-13ee-4b43-92aa-ed98a04b16e4', 'PRADA-LUNA-100ML-EDP', 100.00, 'Spray Bottle', 4900000, 5400000, 'VND', 29, 6, NULL, NULL, true, now(), now()),
('62456e36-6655-4135-bd9b-b49754bb4d99', '82ea440f-39cb-4eb7-9637-ef3da2e9af5c', 'BURB-MYBURB-50ML-EDP', 50.00, 'Spray Bottle', 3100000, 3400000, 'VND', 56, 12, NULL, NULL, true, now(), now()),
('229ed167-9034-409e-ae71-f872e51a17e5', '82ea440f-39cb-4eb7-9637-ef3da2e9af5c', 'BURB-MYBURB-90ML-EDP', 90.00, 'Spray Bottle', 4700000, 5200000, 'VND', 37, 8, NULL, NULL, true, now(), now()),
('2f74f915-3973-4ed5-ac13-8bdb5a868a36', 'dacc8158-81d7-4314-89c4-30a86277b3c9', 'JOMALONE-WOOD-30ML-COL', 30.00, 'Cologne Bottle', 2300000, 2600000, 'VND', 69, 15, NULL, NULL, true, now(), now()),
('636321db-532c-458f-a5dc-da547f2bb005', 'dacc8158-81d7-4314-89c4-30a86277b3c9', 'JOMALONE-WOOD-100ML-COL', 100.00, 'Cologne Bottle', 4700000, 5200000, 'VND', 44, 10, NULL, NULL, true, now(), now()),
('4fe79d37-bd7c-43d9-87b3-5c0ab573af9c', '2eb44417-a4e7-4d4b-b780-29f65bf568b9', 'MFK-AQUA-70ML-EDP', 70.00, 'Spray Bottle', 7800000, 8600000, 'VND', 32, 8, NULL, NULL, true, now(), now()),
('a61cf9c7-d890-41ac-9dda-caa26a2d5ddd', '2eb44417-a4e7-4d4b-b780-29f65bf568b9', 'MFK-AQUA-200ML-EDP', 200.00, 'Spray Bottle', 17900000, 19700000, 'VND', 11, 3, NULL, NULL, true, now(), now()),
('385349b5-45ba-48e8-a959-42efbec3eaa0', '4f11fe35-fc1f-4876-a44c-e5c6dfdd0a68', 'BYREDO-BAL-50ML-EDP', 50.00, 'Spray Bottle', 6400000, 7000000, 'VND', 28, 6, NULL, NULL, true, now(), now()),
('f01935ac-707c-4861-8c38-8587206e7146', '4f11fe35-fc1f-4876-a44c-e5c6dfdd0a68', 'BYREDO-BAL-100ML-EDP', 100.00, 'Spray Bottle', 10100000, 11100000, 'VND', 16, 4, NULL, NULL, true, now(), now()),
('f4c17aa8-e007-4ead-a2dd-56393b69aa1a', '8686d0ee-f867-42dc-9c17-8826c1d7045b', 'LELABO-ANOTH13-50ML-EDP', 50.00, 'Spray Bottle', 6300000, 6900000, 'VND', 39, 8, NULL, NULL, true, now(), now()),
('173c1a91-69de-49cf-82bb-4e36255e8f97', '8686d0ee-f867-42dc-9c17-8826c1d7045b', 'LELABO-ANOTH13-100ML-EDP', 100.00, 'Spray Bottle', 9900000, 10900000, 'VND', 22, 5, NULL, NULL, true, now(), now()),
('d2a65f1c-197d-4e4c-b471-eee2395f7068', '3d579987-d5eb-465d-8f25-07b0125804ac', 'CHANEL-BLEU-50ML-EDP', 50.00, 'Spray Bottle', 3600000, 4000000, 'VND', 61, 14, NULL, NULL, true, now(), now()),
('3a8e630b-8956-4c6f-b085-0bb4c2c1add6', '3d579987-d5eb-465d-8f25-07b0125804ac', 'CHANEL-BLEU-100ML-EDP', 100.00, 'Spray Bottle', 5600000, 6200000, 'VND', 43, 10, NULL, NULL, true, now(), now()),
('f34eaa29-c978-48a4-9210-ada2e1a3082f', '3d579987-d5eb-465d-8f25-07b0125804ac', 'CHANEL-BLEU-150ML-EDP', 150.00, 'Spray Bottle', 7900000, 8700000, 'VND', 26, 6, NULL, NULL, true, now(), now()),
('24282a2b-883f-4a4f-97bb-53de92bc4d7d', 'aa86405d-294d-4fd7-a413-e48954cd77f7', 'DIOR-HOMME-50ML-EDP', 50.00, 'Spray Bottle', 3400000, 3800000, 'VND', 48, 10, NULL, NULL, true, now(), now()),
('a5ecdcae-d94c-4ae8-b6cb-46dbc301e552', 'aa86405d-294d-4fd7-a413-e48954cd77f7', 'DIOR-HOMME-100ML-EDP', 100.00, 'Spray Bottle', 5200000, 5700000, 'VND', 31, 8, NULL, NULL, true, now(), now()),
('3e5cb3bb-9eb4-42fa-bfd3-189012754553', 'f11be192-04f1-4d97-92c7-155eecce54bd', 'TOMF-TOBACCO-50ML-EDP', 50.00, 'Spray Bottle', 5900000, 6500000, 'VND', 27, 6, NULL, NULL, true, now(), now()),
('c6637331-e01e-4e27-952b-3700fcebe6b7', 'f11be192-04f1-4d97-92c7-155eecce54bd', 'TOMF-TOBACCO-100ML-EDP', 100.00, 'Spray Bottle', 9700000, 10700000, 'VND', 14, 3, NULL, NULL, true, now(), now()),
('67109552-618d-471a-980b-2a385e657211', 'f11be192-04f1-4d97-92c7-155eecce54bd', 'TOMF-TOBACCO-250ML-EDP', 250.00, 'Spray Bottle', 19800000, 21800000, 'VND', 5, 2, NULL, NULL, true, now(), now()),
('7dd3e149-295d-4688-94fa-3600e5a4c93e', '26e608c1-1046-45be-a45f-3e47d78bff78', 'CREED-GREEN-50ML-EDP', 50.00, 'Spray Bottle', 8600000, 9400000, 'VND', 34, 8, NULL, NULL, true, now(), now()),
('25d2a642-0148-4382-a076-ba2c60c782c3', '26e608c1-1046-45be-a45f-3e47d78bff78', 'CREED-GREEN-100ML-EDP', 100.00, 'Spray Bottle', 13600000, 15000000, 'VND', 19, 4, NULL, NULL, true, now(), now()),
('5e495f55-826c-4034-9c47-046adc3cbddd', '26e608c1-1046-45be-a45f-3e47d78bff78', 'CREED-GREEN-250ML-EDP', 250.00, 'Spray Bottle', 28500000, 31500000, 'VND', 6, 2, NULL, NULL, true, now(), now()),
('74dd4d2a-9888-4327-a146-09d073f06ade', '1902847d-2b3b-419e-935d-214eb4c22d81', 'YSL-LIBRE-30ML-EDP', 30.00, 'Spray Bottle', 2400000, 2700000, 'VND', 82, 18, NULL, NULL, true, now(), now()),
('67816028-d18f-4ccb-9fb7-3f21e7453c7d', '1902847d-2b3b-419e-935d-214eb4c22d81', 'YSL-LIBRE-50ML-EDP', 50.00, 'Spray Bottle', 3300000, 3600000, 'VND', 64, 14, NULL, NULL, true, now(), now()),
('25518dbc-8e58-4db4-9b60-9ede0a654351', '1902847d-2b3b-419e-935d-214eb4c22d81', 'YSL-LIBRE-90ML-EDP', 90.00, 'Spray Bottle', 5100000, 5600000, 'VND', 41, 10, NULL, NULL, true, now(), now()),
('b844cb59-c8dc-4491-b518-b5d1dd3d2df1', '0f0f8171-dc3b-441c-811a-f033dfbafa26', 'HERMES-ORANGE-50ML-EDT', 50.00, 'Spray Bottle', 2700000, 3000000, 'VND', 57, 12, NULL, NULL, true, now(), now()),
('c2f149f8-7c01-48ce-a358-07ca0884e89e', '0f0f8171-dc3b-441c-811a-f033dfbafa26', 'HERMES-ORANGE-100ML-EDT', 100.00, 'Spray Bottle', 4200000, 4600000, 'VND', 38, 8, NULL, NULL, true, now(), now()),
('ba9f3645-ec33-414a-86d0-7164fd7b5d23', '550f053b-b8ae-4ac8-a79c-2acbb7e52c5e', 'GUER-IDEAL-50ML-EDP', 50.00, 'Spray Bottle', 3300000, 3700000, 'VND', 50, 12, NULL, NULL, true, now(), now()),
('8f492527-ea54-49a7-b24c-f2ee6d7e30de', '550f053b-b8ae-4ac8-a79c-2acbb7e52c5e', 'GUER-IDEAL-100ML-EDP', 100.00, 'Spray Bottle', 5100000, 5600000, 'VND', 32, 8, NULL, NULL, true, now(), now()),
('1315d937-b2b2-47b4-ab25-ba5ab4738114', 'e0322709-ad71-4017-b16a-38754ab6ca05', 'GVCH-IRRES-50ML-EDP', 50.00, 'Spray Bottle', 3000000, 3300000, 'VND', 66, 15, NULL, NULL, true, now(), now()),
('21dd0974-8f5f-4a9d-bdd0-a543e680ab5e', 'e0322709-ad71-4017-b16a-38754ab6ca05', 'GVCH-IRRES-80ML-EDP', 80.00, 'Spray Bottle', 4500000, 5000000, 'VND', 44, 10, NULL, NULL, true, now(), now()),
('eed81a44-445c-4c26-81c1-d7fe2e5f0817', '4e653a54-b8ad-4201-bdf9-ed3371a01acd', 'VERS-CRYSTAL-50ML-EDT', 50.00, 'Spray Bottle', 2900000, 3200000, 'VND', 53, 12, NULL, NULL, true, now(), now()),
('7af58375-2eb8-45d6-b7ec-ff67d536d80e', '4e653a54-b8ad-4201-bdf9-ed3371a01acd', 'VERS-CRYSTAL-90ML-EDT', 90.00, 'Spray Bottle', 4300000, 4700000, 'VND', 36, 8, NULL, NULL, true, now(), now()),
('c01ba173-f002-4db6-9f9a-1c7b13ce3d50', '0c1d2e3f-4a5b-46c7-8d9e-0f1a2b3c4d5e', 'TEMP-10ML-EDP', 10.00, 'Mini Spray', 10000, NULL, 'VND', 120, 10, NULL, NULL, true, now(), now()),
('d2b4e5c6-f708-42a9-9f4d-a5b6c7d8e9f0', '0c1d2e3f-4a5b-46c7-8d9e-0f1a2b3c4d5e', 'TEMP-20ML-EDP', 20.00, 'Mini Spray', 20000, NULL, 'VND', 80, 10, NULL, NULL, true, now(), now());
